 沪D-R7520  , Z2F-0061 
 沪D-R7232  , Z2F-0062 
 沪D-T3513  , Z2F-0063 
 沪D-R7583  , Z2F-0064 
 沪D-S2591  , Z2F-0065 
 沪D-T9671  , Z2F-0066 
 沪D-R1957  , Z2F-0067 
 沪D-R1701  , Z2F-0068 
 沪D-R7167  , Z2F-0069 
 沪D-R2275  , Z2F-0070 
 沪D-R6017  , Z2F-0071 
 沪D-S2571  , Z2F-0072 
 沪D-R2915  , Z2F-0073 
 沪D-S6873  , Z2F-0074 
 沪D-S3790  , Z2F-0075 
 沪D-R0037  , Z2F-0076 
 沪D-R2157  , Z2F-0077 
 沪D-R3037  , Z2F-0078 
 沪D-S1631  , Z2F-0079 
 沪D-S5621  , Z2F-0080 
 沪D-R3371  , Z2F-0081 
 沪D-T7087  , Z2F-0082 
 沪D-T0967  , Z2F-0083 
 沪D-R7610  , Z2F-0084 
 沪D-R5917  , Z2F-0085 
 沪D-S6570  , Z2F-0086 
 沪D-R1171  , Z2F-0087 
 沪D-R9248  , Z2F-0088 
